GasLib-11,GasLib-24,GasLib-40,GasLib-134,GasLib-276
0.4691123101418416,0.09714271954218341,2.270205408403239,0.05131836545679061,1.561741718479314
0.6064178246580416,0.21022505169920194,2.1279682870515044,0.0420094010388834,1.8748105726729754
0.8964652973778766,0.12912127384874372,2.6754734454586124,0.04922712633687763,1.5734699753137065
0.5479353080679755,0.14040605357218688,2.2826215931777996,0.05642919480317295,1.6317443639961022
0.6809686404097014,0.17794346708074732,2.655719577423978,0.06208615346386402,1.3036715395726004
0.7855028595718346,0.14584190097302238,2.295842836540142,0.06360367671909517,1.3196671457061322
0.33609331344508314,0.13978823745725832,2.808044190941757,0.06359160267314796,1.351099838988819
0.48994637833160287,0.14406152536328126,2.21576703499851,0.044506399798955494,1.3270837812990994
0.8404114624508198,0.1219434864697256,2.277312734372209,0.06254382635820899,1.5810391803329296
0.9111120774216426,0.11057568135984959,2.6226348202856156,0.036982365700834664,1.8778508435834909
0.5384819676146871,0.22169462114269037,2.212487127053982,0.059858881817640035,1.3810057133519764
0.4460525903092029,0.19307552253305413,2.445960584109845,0.04394208473907428,1.739263348148444
0.49694618775840077,0.17952703137002424,2.059722049159933,0.03800186027356915,1.6829154371455082
0.5279255544822424,0.13217549488610314,2.158666941626823,0.06173700717846961,1.7653283411346838
0.5863090688188718,0.1736273816456893,2.40241885968021,0.03821771746356567,1.3628482018755923
0.4293017048414084,0.13140675705669283,2.577037015065463,0.0533742160512359,1.3573901645508144
0.7502739635986357,0.19317425393127755,2.6701809819008475,0.0407612425170139,1.5060199871789701
0.6390402224019337,0.1716757785085931,2.1328950991490276,0.05752408229596661,1.2390464679443478
0.6088718686592298,0.12976245672938233,4.811577668662291,0.060978440407501305,1.5054744491210676
1.1448434935423228,0.16962911408660217,2.6309780991656053,0.030090385279420238,1.650331560326846
0.8548730312660356,0.11963905132030546,2.0720390383787146,0.04672815837028458,1.513700732455237
0.6001727418510511,0.1899319078686586,2.2893441971736093,0.02983879106172262,1.297735718317498
0.4768817137175565,0.16328520396073806,2.0039917681871167,0.054312246926751205,1.5375417814856915
1.016801028901591,0.15179775110108024,2.711603976467167,0.04078523172739391,1.333001385932109
0.7993543389223124,0.1481724315040206,2.01073665691985,0.03458424991657282,1.5127235263529144
0.5718005655289886,0.14565726146860541,2.1825397875352235,0.06074974966634658,1.3181517104487042
0.4736595769879096,0.14833119086417487,2.6012161532202134,0.06295325157917825,1.3253795894465883
0.5534837684559879,0.17791742291922852,2.4381239612792056,0.05910064604049329,1.4735186883687634
0.9550962080462192,0.1972103876924747,2.185096216737607,0.05095771353685016,2.398831744660993
0.837177979277871,0.13492845204066423,3.254628487179134,0.04278960213864274,2.0435001642539166
0.41316070731983207,0.15243758215126213,2.385002039882743,0.06262808758898097,1.3328604782933813
0.7939888590496063,0.18998017557585856,1.9938443086568975,0.04758104079816956,1.1953324289632334
0.6587476089684218,0.1361211256541003,3.1638028738393533,0.05454071835813639,1.7265044027368244
0.6069643612048782,0.12735957035623074,2.8156875731662456,0.03975326901571732,1.6924014538441914
0.6327724821631769,0.12784456783191753,3.3784271077692885,0.05362670818396367,1.5083914637112994
0.9632464974543833,0.09641390618476996,2.445093671529729,0.04230944496455702,1.4141612745505805
0.3864692426814116,0.18514738672126368,2.8714722168091216,0.048121672075517874,1.3659534425501372
0.865916078852395,0.14426690585006233,2.5036241931184304,0.04409812250987228,1.3476555665238885
0.9182193729478773,0.13442364896776055,1.904677740898328,0.04831389358341348,1.9452022298659708
0.5907390003419809,0.13694234094749377,4.126583446770791,0.044278287541715776,2.0711930021136333
0.4150684221872039,0.1761646974057054,2.507869918400038,0.059449660015144505,1.7497881589836464
0.8367539795552419,0.13975525599406755,3.6530899630352933,0.04405014658158839,1.576432557755454
0.6613421456818586,0.13479742653149915,2.1276652765287207,0.04507079327048907,1.366483581558722
0.6711201836734064,0.12423758050604625,2.1269635846053205,0.048422014974561986,2.057373122962947
0.3778019475222274,0.1511556133419446,3.1512822080908323,0.03637209859624862,1.874285566647145
0.8084454603955092,0.14531591920048006,1.7340845980751012,0.051955511477170015,1.5705286853259357
0.7630893396015266,0.13733224180571887,3.9816319981170736,0.04818175796278049,1.4593402720277915
0.8155301404648726,0.16837440384573138,2.3248448664077808,0.046632054601505046,1.6699635412025415
0.57093830805751,0.1255218319152363,3.5364225158980056,0.04292162013325441,1.176228998386492
0.7708834414024966,0.1671897064306676,2.753530576517435,0.061243351451357814,1.2140502818460317
0.8451790993566894,0.1712727842908827,2.541502198867615,0.04151725905711087,1.3553488622767542
0.48919008757444643,0.17483672581382056,2.5715056821408426,0.06283282962627826,1.5899257027282336
0.5900960663079062,0.17771640417229081,2.562779004442868,0.048289894468928146,1.7377215133074826
0.41640981348823214,0.14638557207313163,2.3477181260610096,0.053831163035088614,1.920078282142274
0.5567613257198173,0.1852679573188309,2.621062294682296,0.046896325435369084,2.3945740464063276
0.6563680802265031,0.18087198327170256,3.1696576074067826,0.0480856254437344,2.39349585337678
0.6365103678594625,0.15494395421978005,2.2651170907502283,0.04347384753180939,1.9380095844478535
0.6684624633112388,0.11335722189933051,2.3830588468508136,0.051823225220636274,1.1135329870854105
0.8296675099547911,0.1494270853275325,2.8999058682625476,0.031108683977778863,1.1193215713207183
0.5540860244087734,0.13422766605831676,2.2087140691048437,0.06631426501579743,1.5290291396617453
0.4401395405585723,0.1612481560602249,2.159955938570212,0.060316322273643835,1.9921100486072156
0.6730626337673964,0.13426495221484344,3.954588958785041,0.04417017937435669,1.490537582239618
0.8591530820340025,0.14198661247792937,2.6290750118457313,0.05801750334418087,1.452905903718003
0.6853740094386429,0.19179236211936315,2.101980333766667,0.05580367500730029,1.4192379076813482
0.4875002433764151,0.13030269349832652,2.9349025363421233,0.045755301390014706,1.7821986605584512
0.5609075526447482,0.14520572420763786,2.778075954496828,0.04619969239691985,1.776951723525675
0.7533345512786606,0.1624887377456667,3.2301296008639193,0.059834830711451716,1.7449111321102353
0.6967581816264822,0.15603949859474045,2.286203274984293,0.043425849733520205,1.2930790536560195
0.7799624262755387,0.14218325375833643,2.6800470451417224,0.045238882777870804,1.976959140094654
0.6855685694967025,0.1451055431280252,2.5104738484600744,0.05362669534260113,1.7403196970969426
0.9725870028685015,0.17876652926431896,2.8231696688186028,0.06348318884756864,2.0082449201526495
0.7953907776306357,0.15102591406838312,2.577669662879834,0.059774685372829026,1.530431716967872
0.5255004840057216,0.18889405886822142,2.262654003718911,0.050332755773439396,1.5239617034305555
0.7320732867594776,0.12290636553678774,2.3584560481335983,0.04490264363865755,1.3865821025095202
0.5812039475573444,0.12260426335908212,3.6048737282643186,0.04627171933420177,1.36097626055686
0.6110417211352357,0.1421296870225331,2.2939532259818467,0.04821779940497871,1.2494165511525968
0.3185908441243739,0.1597142557885839,2.3833524395576102,0.04431426928443881,2.1823749248254583
0.36772943417755655,0.1506103912460111,3.010020277410035,0.0439180788454534,1.9280204966559849
0.7357539739456569,0.1559100346125866,3.3762981675008503,0.033169860705112346,1.6187024355122999
0.47470016964235107,0.1169510861444049,2.1516345862653026,0.05020055384592918,1.057897155822759
0.6962450737861117,0.14366300092362425,2.1843056130719285,0.05938945413149901,1.5683357148523436
0.45571987351630944,0.1516967116998654,2.7213606620471427,0.05315775947945623,1.9565054770936519
0.7897682101778082,0.2021018834614331,2.1543879885339385,0.04803761151107549,1.7009894888192802
0.6056032415915189,0.11975852897397148,2.436988346980557,0.04926317974076867,1.9317480655569923
0.4763613093806831,0.2175704186731413,2.2448539118133803,0.04983998599596936,1.3695929769260955
0.59405746202112,0.144588395976373,2.4818224297961176,0.0680256004008416,1.5291183061228921
0.5917782804042752,0.17998573566656767,2.1655615710043636,0.03458427472275049,1.5441525954415039
0.7645120436736709,0.16407133042656316,3.436475056389386,0.04651197019117592,1.9888526933877968
0.42495313429140624,0.14519238885565178,2.784903303975481,0.04968374935045171,2.3109021553747215
0.4237374873360385,0.18862443959393244,2.090905038761514,0.038073825554317056,1.8472473399066363
0.3852898389473004,0.09356378601059463,2.0081993601727475,0.045515107719387396,1.3775256821139337
0.5819933689709632,0.13778435367322173,3.1984896730802306,0.04868638030226607,1.6938665498552288
0.7271289345891843,0.17696952099698343,2.7799272635578314,0.037282163742952276,1.3502819050442327
0.43976690173651645,0.14117880398532934,2.84700648908007,0.055671376260726456,1.4462000792986218
0.45420054054439135,0.1609524149697211,2.525639676401992,0.04891467644353799,1.323918782219033
0.4761372719934579,0.11399555024105479,2.3503236207053257,0.03902145013777992,1.9802974963491093
0.9189633742765904,0.1504970097849682,3.137854152160039,0.0383616628274112,1.3565407888739043
0.7350569089333608,0.15617599535466342,3.128109531870215,0.0392374305235279,1.101087065479215
0.6939527291840285,0.14046363784645788,2.1715505345398274,0.03683843488663154,1.352769137749176
0.2727972387737008,0.1439528073508373,2.4510257559696904,0.04119323796971161,1.5545636007485657
1.116111000262371,0.1248478283020588,1.4393319458586635,0.03621486618463472,1.4964327803065007
0.34298553020380873,0.1704617065011541,2.2049728544065035,0.05235223826170457,1.7106961177137843
0.4676226974080356,0.16330125791669978,2.5743814430992646,0.03761799642078993,1.692485791048482
0.6597405558386541,0.19213359171052793,3.390506935100443,0.030497669503615172,1.6988138014775782
0.5881998526320662,0.17106763668556285,3.7306391593090633,0.05853494822076575,1.4986614451531264
0.5183177273264761,0.16169288135456594,2.8053815406530758,0.03650265361618087,1.341237173975138
0.6591584332276365,0.16878536458702675,2.230527720266376,0.03227098254803192,1.3151893894833881
0.6419693098820711,0.17147444879591994,3.258643237793806,0.05731953792020979,2.0856368932102747
0.5535356642075352,0.14133348582897534,2.8307347996846013,0.04286157666602847,1.3567103538746945
0.5792958160353279,0.15942127848709098,2.7647649721782064,0.06892961596913393,1.736658320965267
0.5064706810205624,0.13892821758374407,1.8815587089142116,0.03589114319089599,1.3869249766991665
0.5170299607151561,0.19299490468939925,1.9048204723771005,0.04569522885693786,1.5726423399044867
0.8838549702138709,0.1725865403586687,2.8244427028338506,0.0603644785411706,1.8842352753035756
0.6609539070549174,0.171932850830057,2.8908377533538308,0.04664412121033717,1.7480782591400519
0.5435952847078066,0.13842386284831687,1.921705724527905,0.03243877494978355,1.50133972305415
0.5764324207585737,0.12522527763631222,2.770880522293704,0.045491052399362866,1.9257811051605727
0.35306414905823613,0.16345081128857908,2.752045659642687,0.05930522805351701,1.5235324964324133
0.505877801015978,0.15538650932712214,1.6232831260750173,0.06524184813953175,1.737172718450124
0.47281889980925934,0.13266885005587015,2.41293452906081,0.035963049640306735,1.6227999560254627
0.6879808062825837,0.16763677424412282,2.884985559578096,0.055755534494216406,1.4513603428422248
0.4612742227744223,0.18725202555914644,3.007253030174507,0.051943428231546546,1.1414694380911568
0.3634765039058288,0.13696489003641746,2.789764587622132,0.05342231145363223,1.1580323971056954
0.5540274713835518,0.17254816616346008,2.5297427282721405,0.050116364644849795,1.9030004241883143
0.7015259296736207,0.1254719085336326,2.482901418111165,0.059425588974846295,1.4189748468334065
0.7281603877082683,0.15043286952826884,1.804562705174875,0.03698217373484283,1.637374844872424
0.4707073431547759,0.15720955591711425,2.009500012791759,0.03954935737675941,1.767658975084982
0.44401170721515787,0.1884305396218799,2.39900610929594,0.05646530428601599,1.3045482726147255
0.5627005781294019,0.13273092673414805,2.558240198999287,0.04157728377973394,1.9823657333614977
0.752980469981532,0.1782908417088193,2.407114419375909,0.05155876067679043,1.4047655157655925
0.5988551041148009,0.15880756946113952,2.1242294857035695,0.05411978156441969,1.4478318992740555
0.590595642850424,0.13908274712969595,2.481036829251289,0.049912058424159016,1.9356388122797359
0.7132646247735791,0.13563840002228456,1.846460768601154,0.05724737723476604,1.7813083151705809
0.4747483942856819,0.15056632940470374,2.565449343730162,0.05487748986553578,1.6916052884142565
0.6786302968023257,0.13392921171477756,2.586236168424463,0.03687440182970686,1.9089859945274192
0.4899147987957033,0.16613464476563386,1.8731319072978956,0.06370003371332672,1.1104459731009935
0.5176361977923722,0.14437579190943736,2.780573244562383,0.04754498598751253,1.5097071527401469
0.2757175935395023,0.1592509692668021,1.9708261510532172,0.040989202090222054,1.600583965925386
0.5212787607026835,0.18357718428399492,2.6052945635003013,0.05716315193523857,1.622059145939517
0.6369918646059928,0.16011028988382292,2.092002092945821,0.05662170003899928,2.144790445158695
0.8327904763194255,0.12640187073032988,1.9196018534518762,0.06292913684337409,1.8631119330931787
0.8650483976724431,0.18011980291809987,3.114316462422711,0.05312170215486503,1.1047175481441418
0.7952173700548919,0.1708170887782234,2.4517406495576615,0.05140246182358673,1.8163941223732498
0.7873406749274324,0.1439029338615536,3.4993853020008,0.060208009929410125,1.5500274885578917
0.7490202299474635,0.14585244496864688,2.493304226907923,0.06724218868409854,1.3241162438044827
0.4119799678948297,0.2146221610285336,2.4171073278410753,0.048037600013260004,1.1250863995721643
0.3876161630667401,0.140447083674051,1.6844747201806805,0.06170088739653945,1.4978469929516152
0.39797113507509374,0.11208164589055923,3.4798637943720525,0.06532619926336351,1.438088061204468
0.8720827148975796,0.12090822833671061,2.5389390099471503,0.03739015744460813,1.1886849361409404
0.5083372235941571,0.16388142278010154,2.461463859525582,0.04619969792505203,1.595635284184391
0.42913798096403094,0.16989994625369018,2.339830698491513,0.05024861273191881,1.188784629834855
0.5163774922877684,0.19498534701983047,2.796856930051409,0.05808964477822901,2.0683740651906195
0.6220634158133773,0.1602150997254459,1.7299810658512143,0.039297408732934226,2.2527425050170438
0.34191818878228203,0.10499577056402491,3.8030543877360454,0.055671402927137466,1.2544579052915776
0.6319037228858015,0.10155364380821086,3.019112886825581,0.056248792348487675,1.404562999964757
0.6397768722034473,0.18211715884836338,2.4463523949479655,0.04013723921932113,1.975666648675942
0.7594995797258898,0.19915271539906063,2.3385400848460676,0.04296967079334609,1.8699202125306027
1.3176834563953799,0.1981858015786802,2.4441666412991716,0.05877562832098919,1.5285055222418333
0.5420930308291789,0.19913464333103786,1.9369808852128196,0.05735565976344773,1.9456091913733604
0.6001223980306262,0.1405677932627302,1.7869359103122235,0.06094231044195035,1.9711211466794043
0.86717840503288,0.15184220046005537,1.829815295942714,0.06508528167240532,1.3557451238890064
0.5711799339527011,0.10336191191601393,1.6744103580286638,0.032990063357058085,1.9035972565767865
0.6465958416440865,0.141835684690533,2.432769716283171,0.06058121911527341,2.03130821957496
0.8290412362507281,0.12878748032638396,2.822235285044906,0.03968131763979876,1.7523118493678145
0.6503804158147897,0.1545591021072465,2.9786326499326674,0.039885290621748296,1.5643721582872157
0.8753913030256281,0.17920415766321582,3.358288688098575,0.04955155543110482,1.479388915160347
0.9672912495367223,0.17390748890996702,2.1781801691890554,0.03066540889890806,1.3707932887690217
0.3639980889621133,0.17555388251240645,2.1545386206492005,0.03556735581457225,1.7438403881163522
0.4840239202954307,0.1586611767693723,3.491397805036938,0.038349677187675985,2.2706110592524786
0.5166710388073062,0.1760401766986412,3.1904329212958853,0.056513416786927825,1.6141913294751065
0.5282438795704167,0.1475609442146022,2.308956031092126,0.06194168244512215,1.930387806584096
0.3672895610690542,0.1748862253687555,3.2320577971203495,0.030066438344173364,1.7734365376735668
0.28961567398798765,0.1895674171171618,2.0840591101218617,0.03777391694891978,2.0312211198905286
0.7504584047033614,0.10720855521524561,1.8260019763569466,0.04878251656627813,1.218032391700476
0.8833421079436448,0.10240833100212005,2.5889175537532,0.061231305118732246,1.3894302606716045
0.5833786096759879,0.1742119647251405,1.877273743197808,0.06265220102549994,1.591979999038315
0.815416987155957,0.19294461067096508,2.598838834336724,0.05318178082222122,1.2361479516180194
1.150955504087016,0.12337967324403179,1.7617866169295135,0.028066174279949993,1.0403806066013255
0.5208046349453208,0.1352970696506369,2.182300277364823,0.0562487990845469,1.1133630429523722
0.7797667263454935,0.14170250543423665,2.8241901665867943,0.03680246813277513,1.8853647891975398
0.6053337247527799,0.1870858742022815,2.11039995261131,0.05125827881953932,1.513549254829395
0.5041158405136675,0.16769546181792566,3.7615454943846856,0.04941932887019383,1.7643689065001564
0.5595825082161873,0.15280108796254996,2.950910607660601,0.047340764772343995,1.8350472448980286
0.44948005877456837,0.1376792961546898,1.8364611440519472,0.04112126617138945,1.4136232775797877
0.6054614084224745,0.20069626095311038,2.7138090557915513,0.05506995314982709,1.2334414365639044
0.5913522538539081,0.18409731514047684,3.25587130158493,0.054733131679281566,1.7416173988241972
0.28308729088768086,0.11480491529247112,2.460785041430844,0.045238871952395926,1.4359761360275602
0.6688772782221979,0.14283789303742483,1.8716465095739214,0.05119814369919576,1.5569225730954157
0.8632835684180702,0.16260714164089632,3.718758259757414,0.04487865564078698,1.735780423437389
0.46071765421797917,0.12956208658755475,3.8788188679278566,0.05369889288687223,1.521737586516897
0.29045532892221954,0.1246070475554285,1.9689480176508747,0.06205003168697071,2.109041374077176
0.43411588164642134,0.16363968151596017,1.9108442725278543,0.0590764984956874,1.443888134198673
0.32550167890839693,0.16176626420095933,2.962138738399406,0.04216539708948711,1.8634809279534734
1.121237827285813,0.17568107256223034,3.33121403461955,0.0491790809735543,1.6526370048121863
0.46486139860376074,0.16644047350913455,2.2811515890276097,0.0522079778602738,1.4987629497949702
0.5993711056332588,0.15556653068559714,2.295105924724272,0.04549109594355706,2.5217087603893034
0.7416173723571453,0.1337906205169121,3.082027662618521,0.060834023925693356,1.4515216863868328
0.8378362117035814,0.12330495305517748,3.0142193189939217,0.04694439888881902,1.6593094782909847
0.6560619427475683,0.15089964395708463,3.259604068656561,0.0523161728504802,1.2536820508954478
0.6646624673849622,0.1410329167028465,1.4668435044774213,0.0431256902129147,1.6018670285808354
0.7715279197664386,0.15865481835077036,3.1254931546101914,0.03140827573406536,1.5536478719934765
0.2721331869359196,0.17283591363561557,1.8049581687743725,0.059341326844038624,1.453919172383049
0.563839745341247,0.2120096487651435,2.9412764127582216,0.05075336122813079,1.553328803704835
0.6787340835701341,0.13166212750114833,1.8044512416761365,0.05935338351718808,1.3984196449106487
0.5826218935310251,0.168977537427125,2.2163279369071214,0.050488960686898836,1.4073263824746496
0.26630626847984895,0.13940500464499425,2.4462619538350516,0.06376016113909846,1.0487065687687194
1.0516357386062614,0.11875645255203443,2.9198421687392146,0.04320969820860989,1.0997405852220619
0.3781418521032593,0.134645911919376,2.481841770601424,0.061688825343048995,1.3196373677756037
0.7624648602951928,0.14621770363828082,3.601146917479181,0.061074763693197434,2.2124720900468606
0.373724611349197,0.13355952486209904,2.6971215258087855,0.0471365785054689,1.4349022268244904
0.6590507725177713,0.19275724760209567,2.165533062773356,0.05617659641797855,1.3740103574165592
0.8192615202506627,0.12850201973340683,2.731907522391272,0.06596485130493014,1.3277233096510122
0.8906243120578403,0.14454009891001138,4.095401805798661,0.0405812240734806,1.2764386428517118
0.30090177758223724,0.1363093532952482,2.480671641850073,0.04304164721986907,1.3663324337510034
0.5521662783293334,0.14149097394125032,2.4869082829745137,0.06436251422197661,1.566316203013211
0.5182268660265387,0.1647615119693899,2.227482383022827,0.04522688551693343,1.4555569566674134
0.5287631759289763,0.15244089432566665,2.6723141096234695,0.06254376640837808,1.702415779754992
0.3422162641608926,0.1523686077982082,1.9711697404965918,0.050933717995624725,2.2450011988309577
0.8308328843825908,0.10501248803133964,2.068129558793659,0.05390333092532395,1.8280705229232646
0.5859722903755348,0.19519587621963783,2.4888573091168418,0.041061275491436074,1.6693830883203622
0.6411721585091028,0.15170295743969048,2.7110751899955514,0.06608529425424081,1.2864490740868006
0.5047961702925955,0.13021525635211556,4.441612741388424,0.03982529254099179,1.8471320265123916
0.37482630952945545,0.1509670285286841,4.003966008752093,0.05514213589022009,1.6041370001846487
0.5790066363844856,0.14960637372782534,2.9129465091174813,0.049335234052418506,1.458133576742176
0.46070657723465647,0.16902403015868564,1.8783045213633696,0.053145787011105,1.4536427168180048
0.5788848671736045,0.12452324042026348,3.1289774938589114,0.060027450190004064,1.979382488532393
0.47765924901972107,0.14218028432980437,3.5171800728937193,0.05312172123475856,1.988130522015338
0.5699351088168961,0.17013504908222035,1.9248331466910997,0.06259199264615976,1.479739558401844
0.3781010491445503,0.12510495813340974,2.8692869416134004,0.03974129528996286,1.519404870239772
0.8659967751245237,0.14030989473074554,3.3007128054178962,0.0496477113069371,1.6736839430666468
0.599348647657696,0.12639716145243562,4.865314817662796,0.05662171360083381,1.5696826349392388
0.4870663646489634,0.14821581366305492,2.180995360345917,0.04473454165250641,1.6224323047202487
0.6055883071719176,0.1306446637481247,2.4516504974924347,0.03909344115740503,1.562260800008205
0.787546286241904,0.17829474057378672,2.66082328433295,0.0575601985239989,1.3676395575217353
0.6602601979913424,0.1594710054573871,2.3497218860301388,0.04367795149330801,1.9890746078412946
0.8391061392849902,0.12605735910333501,1.9838868751195444,0.061556395596285646,2.216811468596909
0.5901535032172551,0.17407008917501288,2.794277222210036,0.056669800152129426,1.7367334848627767
0.8539200758250804,0.19352938843809503,3.47202718432894,0.04586341162878588,1.6428144122840591
0.6044292349327021,0.14414421374005995,2.1143845761980704,0.06285690630073387,1.340147526585104
0.879691807382555,0.13053953512689667,2.3737117386344564,0.06427816868813159,1.3113379202051765
0.8422255061664561,0.10560441194842694,2.9607942203437077,0.05492554427568241,1.3582056743362436
0.8941325899104088,0.15941805755484237,2.0504865376550145,0.06105072295568881,1.548202693288713
0.32490999797096326,0.11538210886742148,2.4919881346066477,0.06265221603907514,1.282573623362492
0.46185045648383216,0.11618083425728883,2.604818408667403,0.04360590573503796,1.7197921377419236
0.6954649493529771,0.12391806070650627,3.510700015447278,0.0348959794368358,1.58609211584958
0.8825950875622398,0.17830243913590965,2.0299462555152186,0.04110925127398909,1.5429897302403022
0.4778150315110283,0.17587445896096457,3.4408805254686126,0.04304167296451197,1.2795722537724694
0.6834713061007334,0.18299275803809986,2.550878049388036,0.05272490737674012,1.5381898074864981
0.513109568599218,0.1598651988165162,3.5091829132901693,0.05048896673036839,1.815727583829195
0.7967210338700493,0.14737222863880964,2.431392666450769,0.06547084207571212,2.1472843650970552
0.5092050448433338,0.19166995516521554,3.1098510613575785,0.0515948340283373,1.72911278935928
0.8792788425970746,0.16135232769130803,2.144548979347224,0.04238146005505523,1.589617748742755
0.9466436070522024,0.1781469424411534,2.2559281690817317,0.038313665392673515,1.4055052767087326
0.45929418663584076,0.1453238336674331,2.110770935450744,0.03650264052306024,1.3662522174886833
0.8536590420528696,0.15330534859352316,3.071053898437947,0.06036444961583999,1.711431316322244
0.5630212484317438,0.17766860801426118,2.292969801497845,0.047112515564810796,1.1716907269218795
0.9793846623786681,0.13536852059549603,3.2238639328561054,0.06168883273382707,1.9743052874521994
0.6172983745278894,0.18767332743660423,2.652560143225679,0.052460372934350366,1.252388225225924
0.6895996997077514,0.13676544118782002,2.0931117408919997,0.037270193297427444,1.5642515368245988
0.2607922481911459,0.18193496150116678,2.5000017827725696,0.05831833004761226,1.545001220990241
0.7110670935122526,0.16519599101613877,2.0507554640704795,0.06109884109275637,1.7776622306706666
0.36412477780309166,0.150594721630066,2.049892776700205,0.040581233780737545,1.8625134355015103
0.5498530699225891,0.14348982439522717,3.561725397377065,0.06270033809416972,2.0352885227298243
0.6705385260781567,0.14644321230893736,2.884046552054614,0.0624835291799579,1.7801858529849037
0.5300655329674483,0.12798747886799391,3.41704792423262,0.03432053382237205,1.642931815401622
0.7508544025652091,0.15758137981751313,2.1058009931846455,0.044146204332680766,2.0073590711410607
0.5103350552229319,0.20541012889912233,2.3861456222479926,0.05416786974854386,1.639631529704669
0.8722237705978562,0.12409762854335507,3.912630501182763,0.05966631782454282,1.5296664766032648
0.35975120367640645,0.1790042846035389,3.594515621269317,0.05064522992497479,1.4067478679860312
0.8828890867410719,0.15541530502895176,2.3265874072820982,0.043437869938930375,1.4012224149564791
0.5335769139246218,0.1297482408538939,2.0266266354062012,0.05614047525283422,1.6683370762011498
0.5857479824477592,0.1633907589064668,1.7611889715131475,0.03964529717379261,1.2654488668142927
0.38534510393760985,0.1277548474753393,5.117389627156115,0.04368993045800075,1.5458586596767865
0.37506810337956537,0.16450735306711173,2.7747030355989706,0.05181124784122295,1.2850954281276403
0.6492244671168763,0.14706126716264684,2.197906311181251,0.06422998937748618,1.7024006588683787
0.82908262930036,0.16231416769692833,1.7520933741711386,0.038625600677418895,1.201258411309014
0.6908525959693662,0.11044846826074796,2.0516745907416643,0.05630887874975128,2.041758402147279
0.2994227127294264,0.12340709353183493,3.1286559663327633,0.04301767558727172,1.2885111667370284
0.7165438570507477,0.10639791497954565,1.8684205128576374,0.053614735264074426,1.0170843142782404
0.8611107440382286,0.16507231346949516,2.5987090705836344,0.04278958166395249,1.411796615746563
0.554262272011368,0.1303927032847173,2.744531395055506,0.05800547752323677,1.7815199201542884
0.9855612398341781,0.09053062593568181,1.9438490207224866,0.06451905532071597,1.5656385716218486
0.6722862054298951,0.16517874797224982,2.203713097133974,0.039057452544029175,1.6206155984618393
0.6516619793389292,0.12495858804170809,1.9524700045196755,0.04421821954549389,2.0891797008651047
0.5657542640669928,0.2173484138782782,2.4840458104462084,0.047617124333768635,1.4246972481377154
0.7099616587554567,0.12828206342034326,2.541449172019526,0.059521830910205464,1.5178141084288959
0.32062463040498296,0.17394052426632595,2.6679149818753687,0.06630220826983417,1.5024060474171235
0.5680822238060428,0.1634388756139406,1.8938995242189467,0.04131327163733263,1.5016986055966752
0.4703938059060898,0.1310302759581072,2.0636163096847646,0.0616527206239792,1.533076401900864
0.4332959091665267,0.12169061536317317,2.6180827860345324,0.04008926079624902,1.5058459794299461
0.6901537253490401,0.16487858213363477,2.432987713876829,0.03831368371898635,1.642086476372252
0.3106849892576778,0.20743420447634792,3.1227586137184615,0.06374820131514217,1.3762754152441374
0.5175231738874145,0.1261007398486817,1.8362062800767527,0.06510936677875154,1.2104537914692712
0.9451675445379691,0.14566790535669055,3.208759105801155,0.047064513984700386,2.051660996341297
0.6034323110987796,0.14934554123340213,3.1961029721632235,0.03818174762988864,1.891679901987622
1.020709716848463,0.14462905669021628,2.3889820631415737,0.048277851602094045,1.706473950301501
0.5716981467290098,0.1735785006103421,2.153512901910292,0.0518352336293588,1.741605427947225
0.5687129109707727,0.1730772366788153,2.458735619262126,0.045370973213956146,2.057204303270905
0.4429339519893785,0.21524941826779678,2.034523826056166,0.0454069983611005,1.5367272759374198
0.26595380944712443,0.12157283212284363,2.591139530555777,0.0649166105572001,1.4808197767948372
0.47867494880295586,0.16920614346647825,2.911423617104534,0.056405121944340844,1.5196055410538412
0.7068530334579166,0.16945629277349594,2.7587236307622587,0.05707894145749748,1.504935966744462
1.1160223210611655,0.19880373368362184,1.8487489409647024,0.06765190648861973,1.5448201097635341
0.3599593743290541,0.11901217553999455,3.3299946017832567,0.04971977568170343,1.2394882410049206
0.49647266730299616,0.15873709638981257,3.2202392602363425,0.041985367202406726,1.8256899067641008
0.4849134106042024,0.12793050139131762,2.0095228356145203,0.05249652711828724,1.5651357405268815
0.48445907864339943,0.14449535973323932,2.299432901835711,0.06218255372006529,1.8390538761268984
0.47973926414378976,0.14695179343812959,1.9150836036902639,0.06147207468371863,1.3418334860768633
0.4622558932059103,0.1615277118092266,3.522711661441485,0.060930345030957254,2.119345560999263
0.4658268834594589,0.15422823084255316,2.639688686482819,0.05252051481597497,1.1775824147692728
0.621703768436713,0.1959033549901395,2.0471150142014443,0.05058513147854917,1.4235356424456782
0.2803526264542998,0.14748248624007038,3.9784084401796656,0.051666969034953554,1.2051695493193615
0.4692925723051888,0.14997049323624362,2.2712776878534067,0.03538754653656643,1.045781183743587
0.583250431093666,0.16848286372563803,2.68664742318248,0.05871546446393841,1.1095326073496763
0.6578956735722558,0.14661689728521726,3.3595053208485193,0.036610610704323227,1.4550673494500586
1.008656397847179,0.18312309244127514,2.4752890919513257,0.04993611660155042,1.2588411848279017
0.9981849627886813,0.20437116345700176,2.091173979966079,0.05419193992477426,1.385068610323859
0.5854542944021036,0.17242377335982806,2.5513377326840505,0.05707894145749748,1.6088999736265457
0.7728086687680584,0.1282828257871861,2.9557803282718225,0.04919102016131663,1.4869968757430287
0.5534499872765242,0.11109536861052323,2.5766259591145704,0.03658659721749363,1.4393290522435735
1.0054776835337798,0.19120023432157468,1.7436310058910391,0.055250335570349245,1.7732204424047677
0.8355815541372954,0.17192846549063748,2.9910158450772713,0.05338622069197953,1.4957960053052042
0.8211323284010944,0.14254251992428274,2.326488140398972,0.048001530879040154,1.9595790577143577
0.8883087210941588,0.11969171175002255,2.3903661658868423,0.04631981529031342,1.3191356344808085
0.7734665536255588,0.1807566581758101,2.284236991533904,0.043137709721374776,1.5143547389690493
0.7275984200635778,0.16398910677016104,1.918164424867029,0.0460194960649801,1.996354330657164
0.6206918330031581,0.17410784708252847,2.2835715815473656,0.030066438344173364,1.6411506310408195
0.4899380125373487,0.18861640798254659,2.0998390527137536,0.05383113725401454,1.6434922449451668
0.6854754768833213,0.12213454865376092,2.859012010769455,0.029407591185489784,1.4472288233885224
0.6587016773597447,0.1109442894954145,1.9910683067844228,0.05029667798341921,1.8314796044777801
0.5472520871285527,0.1266188534615893,2.5252763577429254,0.050537088231807,1.462988743417357
0.8589100360755433,0.10373245376694841,1.9052001985031357,0.040821220576024136,1.664001183764698
0.3355763728374036,0.14582521855068414,2.665951518151765,0.044890679171927295,1.5079457070870987
0.6385058644701834,0.1269161148366127,2.5511086932366376,0.05516618378793147,1.623184603188301
0.47070761061197075,0.1517971586598689,2.4253022789120045,0.04689631421176708,1.4374742733685386
0.45497479142446895,0.16228146167250707,3.0140274525453465,0.053386265434380596,1.6720809154850056
0.7422830010939089,0.15186130136649129,2.328319985151918,0.04801353857325951,1.9529962702802317
0.6328453947052514,0.1393928417239184,1.8590048986075054,0.0681943569139686,1.9835280652270506
0.5670414233309584,0.110319119046831,1.7080228022742334,0.06666373020246322,1.6904569831665235
0.8333720328819726,0.15019403053806327,2.897700740867523,0.061147010819870125,1.8117529521210516
0.9778283390297281,0.1351886433134883,2.0191858751744105,0.05565931469947772,1.561225390227593
0.3838851609167809,0.16069116736344985,3.0134618472925654,0.062038028304940276,1.2095079152752408
0.684287081939017,0.15439806231657824,2.960923098632427,0.059196840695037035,1.580025371850087
0.40875201104418546,0.156139630493349,1.5870759891303332,0.04964771724930821,1.2930857532620035
0.7221053601634443,0.12320220271605131,3.210923622413199,0.03975331180427593,1.8533556064324583
0.43770522007889723,0.14360738868964454,2.9304809447976177,0.058486806302369604,1.560929575148919
0.6481169302285187,0.1538980661725561,2.840220895605992,0.06421792152148181,2.1262129515126764
0.3770215067633237,0.1312974961495516,2.6602570305656803,0.039621297888715816,1.810202414761645
0.5874937718635235,0.2188461427695118,3.1535100714412874,0.06325431656191281,1.9366457989044097
0.5147697001822126,0.13205181374272454,2.8408294302668993,0.05063319321824037,1.2974665001942352
0.5034233222816237,0.1357824276452292,3.5594130217994473,0.034452437853665724,1.5607985894294514
0.5560888772019068,0.12372186262337191,2.849967383162885,0.033373601994813824,1.3983809976244463
0.4164205808697607,0.1409819174756714,2.6727053600011597,0.042165437439499326,1.7871216563441434
0.6050565836005516,0.12891505434463943,2.9657648643483085,0.06341085326121047,1.5440541836208772
0.24633337985883616,0.19360515765651903,2.3575870123409692,0.046055530477687026,2.059723192097376
0.4304508913167178,0.18222184376257672,2.95493873849588,0.049863996130094276,1.4802130320288827
0.6137352493367588,0.15183038035198493,1.8729303732435822,0.0451548428838199,1.2739852368603677
0.6680083308847037,0.14640175423818108,2.8031541002408846,0.06038853873213179,1.2759936906172422
0.6562714375180809,0.12965731313455578,2.235375207831873,0.04413418779066996,1.4380134719579076
0.43788380109918096,0.1788945340669485,2.6189931051993462,0.05226808595789618,1.2741897258183499
0.7534280117349319,0.1793204376087325,2.7731683335936266,0.05636908035587847,1.2710250108607717
0.46714108478208605,0.13727393902874918,2.1967131845971473,0.04229744252987511,1.735507557021256
0.4297688968670121,0.11106618585286314,2.547769502665415,0.04188934836525383,1.5602876382879638
0.4714583660824345,0.1262400341253716,3.2471973644663032,0.046067573232634,1.3154921442210012
0.5061401451186339,0.1182995633427266,2.0293250819782322,0.04932322396747228,1.7519308321863079
0.6139285029097653,0.18317968827259573,2.3450535803992327,0.05440845917434804,1.1213536713886596
0.6334323722770212,0.1934762272175736,1.9619644189854697,0.045995482415612375,1.9429036149328713
0.49943392593799607,0.1403980245103449,2.1264648003719935,0.06472380604740369,1.9721427159192313
0.731203528014339,0.15701957625192453,2.4818188890611523,0.06048488899034261,1.4793443719167019
0.7763337418694709,0.15015923002849502,3.2069752415237365,0.06177310496533679,1.4702126227841563
0.5466676320775475,0.1320228405105089,2.5976252424965764,0.05914876447298576,1.3340027956932117
0.3259880507067988,0.13597079338110207,2.570492529803077,0.05191938620439539,1.6646825882800178
0.7935721563648406,0.13270933641825658,2.317522388483718,0.04680025820914642,1.6840294636873774
0.5807931906405374,0.15204869753983885,2.25608822647157,0.0407492284467888,1.8378089997248777
0.6273462145689752,0.11496602691762924,2.4493684806631095,0.04142125252341607,1.390206726106019
0.46828844967137334,0.15292134040544272,2.5050109069711715,0.04037724256801894,1.0142069448503865
0.9097555799555265,0.10172582389948104,2.457434997293238,0.06028023240233797,1.4600958451541184
0.7098170228134489,0.1642334347614678,2.5562371932244665,0.04795351751975839,1.3584322747305435
0.4867182039879718,0.13087633359244275,2.6274813897063045,0.033205787489056164,1.2232937504092227
0.5018406673726279,0.14331052732885086,3.1318841954434413,0.039861290363667604,1.5627230604942879
0.31537445267670794,0.14966345429328326,1.8713606203866477,0.05131837774312261,1.428462107180695
0.7320133125695463,0.12825041778694113,2.795847014219508,0.0573074996474421,1.4141950884869232
0.8171610392774701,0.14889633363826937,2.5134522950652585,0.04992409944962002,1.4083587148385224
0.4326677036449397,0.15579482372709164,2.3058329883821505,0.05075339767962408,1.2763453894710675
0.39086348950074284,0.1367733412870211,2.9613425887875007,0.05027267239172657,1.6226626821997454
0.4798485987937737,0.1656476111207825,1.95727418010322,0.04809769660621624,1.7506187954642496
0.5253929925709616,0.20026820126841682,2.6941178540830304,0.045226912573446625,1.328247762456217
0.28342725607930574,0.15565712614861663,2.8133117553292433,0.058426638187174015,1.8626345710483445
0.7298579240628734,0.13604271978502203,2.715191835748919,0.05262874033241706,1.360959796838308
0.5098470002673758,0.10543766507557004,2.340544000885457,0.05070534110025204,1.331004736750569
0.6411663190916164,0.13431999738593778,2.216148252654462,0.03602300953294608,1.6972875594117531
0.5517570437639957,0.13016415224158107,2.929066614990785,0.04049723088522629,1.495450340938374
0.7204485340710723,0.1265761022057277,2.802080172720113,0.04308969373360173,2.016401984045545
0.6403222491860953,0.1766388216276582,3.5098850013725027,0.04242948580116457,1.61239987647966
0.48903423100355276,0.12366377053024279,2.3804702109530473,0.030545613857192205,1.375510591049917
0.631238125836777,0.10821053666927752,2.0431342357901343,0.03138429416859855,1.5206694522580664
0.8672384812759285,0.16796961184601292,2.951024406854995,0.05674198152747905,1.6292976633636134
0.44711476478667334,0.09119658182398581,2.9881031277119963,0.05579162647799461,1.3957964870168518
1.1024429880755078,0.13028500350281005,2.641959262892322,0.05404764993598156,1.7261890703383072
0.6020855970920502,0.18569413122207987,2.273964913519874,0.05108996820104358,1.4756072490515197
0.48086795590442966,0.17133432778730218,3.475089274859125,0.04278960725731836,1.4299346512852522
0.510502612716643,0.1541975817601672,3.802717164619493,0.05065725453600583,1.2261128483576695
0.5829752945469439,0.1327385860229654,2.1758666714460726,0.06021999645292601,1.140572569933435
0.9518121401987434,0.18514566062844193,1.8258821860918513,0.03784591117977184,1.6270095353525638
0.5878663766994103,0.18916693942239882,2.311723738139677,0.05557513771192212,1.4208674176530705
0.5431724097615342,0.12750032829171196,2.1834560802989564,0.047857365663243674,2.0507899844862756
0.6720140888760635,0.14362278103968482,2.527561820942009,0.054528698840953835,1.9231537803640084
0.703477932200015,0.15329468263881416,2.3579129881098004,0.04676416340580961,1.8682645236084958
0.6200152996581139,0.13512118251789665,1.7379405298540862,0.06547084992200844,1.3788634356171334
0.5949762247095445,0.10848646009161851,2.3672734756876936,0.04360589530170704,1.4267734357677935
0.5023291928570441,0.180314046533954,2.919878001057865,0.047965496436605214,1.4433884134558503
0.7611371121406703,0.14706195656436058,1.9620660112342072,0.05975055580415018,1.8169530703731693
0.2385102758162569,0.13088751457310804,2.1768094813247063,0.037186267027887604,1.1635431296954386
0.4990018112603213,0.2092181544202461,1.8704014887260054,0.05988299755910002,1.8326495228388306
0.7537626047013879,0.1698573660171,2.995023748017219,0.05488952315984041,1.2865413201576472
0.7313172639860697,0.12212364090043275,2.2949436242670878,0.04684828604378789,1.8147114871584162
0.5326698096337525,0.17482784084933134,3.8398470816975907,0.03981330442473632,1.4448918112256584
0.7878920110726665,0.1380245691453251,2.535094659282523,0.04517885880667391,1.4932679227892154
0.4455731299604727,0.1528887666342661,3.0543154022771506,0.0506933406606258,2.0137847002348592
0.5347963783332611,0.12419687114290556,3.50896062712774,0.06315798176518471,1.3984948063048142
0.8863863339003439,0.12779251188013077,2.508415976061785,0.058474751621545466,1.3301398253057066
0.6851695933123046,0.14650679715023962,1.9083917973519104,0.032282984924706604,1.211408485891783
0.2656189792456801,0.1583942520672747,2.4870738262459327,0.031982349420761565,1.872915519915248
0.4718430734810728,0.17998227333867117,2.694619796384142,0.03729416095282217,1.2200503459462246
0.6232404002367289,0.13443264215683356,2.598899700324066,0.05569537277550064,1.4968064265391405
0.4014990292526735,0.1347069818900099,3.2586275927494843,0.053374190489947654,1.9436749950539365
0.49303064353568044,0.17543854086574664,2.8700640588326083,0.0381457597310999,1.486502981287865
0.5562915972156071,0.16665146993449367,2.5404503435672865,0.038625596058419365,1.5878019238200474
0.6609649747572066,0.18934463297972423,1.8798838726794103,0.05521427323090253,1.2417381893999853
0.5642540131617736,0.13752266367761987,2.1435059670233696,0.05771665648930023,1.5822955802325362
0.4442007062206998,0.12740921346880776,3.0250701484250517,0.036262829111627044,1.7083444977070605
0.48266401074328547,0.1582564699820616,2.405065402602184,0.04264554286789182,1.7144665163953525
0.6038748080913217,0.1414981783625737,1.915462685433917,0.06249566792754312,1.4421016229858201
0.4982632520926019,0.12922681157064403,2.2205079793646934,0.04360590051837187,1.5157569344814057
0.33782769558385617,0.14120960174243846,2.720729844173452,0.04125324462629841,1.6210665426800979
0.5583060293605793,0.17453236144981285,2.5066682851027835,0.04071325459831632,1.4907211877782187
0.6693509334237981,0.16958619236153433,3.5798669187756103,0.051979535003434274,1.4392465132744603
0.7988106770468217,0.11003911940768629,2.2274777143277444,0.047100509507607614,2.1095736626088164
0.4831323450653572,0.09643799474929175,2.513254958553475,0.05577964477658893,1.8033122278437015
0.6295413291025126,0.17159292324546174,3.1446637785591647,0.04197338547650289,1.808908103825126
0.44863238272543443,0.1467981310654284,2.698083194435072,0.0415412957020787,1.800403955765896
0.3732130795560965,0.1422200397529424,2.193885643685554,0.03314585148829714,1.7185567258922194
0.7026967431588153,0.15630580170464461,2.796403484759593,0.06155636609696277,1.7598423387532374
0.8856077455511724,0.12888262226289415,2.115581445764062,0.04832594232445987,2.1074587902074025
1.0467667146458712,0.1801642225335376,2.388433497350133,0.06152024737968374,1.5161431367460412
0.8114584732697463,0.1686795221062797,2.406745067387113,0.033181833639362834,1.3022642603351224
1.0303983991756702,0.15194668062278938,3.8611115473252493,0.0662660620143193,1.576403377825599
0.4219694925055333,0.15242996935521128,3.106606776306527,0.03858960552442431,1.8785564309908385
0.7340378554299786,0.1642951171241562,2.320455413381485,0.042177414401290345,1.4529830035227482
0.7588424119729389,0.18798952721483542,2.117190587904443,0.04535898115903264,1.6871426898140216
0.5641049473543169,0.12787730771465114,3.198259316871184,0.05410771746192779,1.7610358126411614
0.5985800426241518,0.15080359520659203,2.8014296378828876,0.05351852899474063,2.3068651164249854
0.9331480830708521,0.16699365127648075,2.5258964164573894,0.04312572632605478,1.4037188825928706
0.5968049406043406,0.14579750242239706,2.7115039332268713,0.06596477224685614,1.678176319434697
0.42402846890553636,0.12348841473388823,2.205385284105366,0.05700672877006845,1.6526296310178898
0.6206056769942475,0.18327099049526815,1.8153572927891413,0.03333764646854335,1.5744011387446226
0.6103186311826997,0.13909448057946067,3.24453743809399,0.06165273539684695,2.245332966191992
0.43681116690076566,0.1862587456837738,2.847766228876403,0.05451667281620643,1.2568605907213648
0.6669455641255406,0.15270873326817017,1.9291762149448115,0.047484940614205974,1.4108735207673317
0.3684825153305382,0.15086523404407934,1.91911083721533,0.04837399874828389,1.3190376091512201
0.6207944115597133,0.13609380011154287,2.980315228125321,0.054432439147412706,1.9594031617601024
0.7412053938042733,0.15989496511250867,2.3073910213132334,0.041877336723392056,1.49528553290397
0.5883631768992844,0.21547270777432917,2.6678614807663505,0.04723267333041864,1.2897801544386485
0.5106067975740324,0.15895188870629912,2.4202486403085492,0.06368793654021367,1.651871669819872
0.7515536759511531,0.17458119705835096,2.626215183137975,0.04624774901197039,1.9876662642886935
0.7647118074948558,0.12676051518521775,2.0980849977924687,0.05086159165180411,1.7917959172024327
0.7468398348479743,0.19380991922598287,3.1465526344019805,0.06055710016425889,1.7851069412876686
0.784669779077057,0.16254369546604192,3.121775253320086,0.05424001566135552,1.4305222158414794
0.9487155684431217,0.13901009882053797,2.9674862578796932,0.038445654735180294,1.6799029206929352
0.5802350527542832,0.1619028904759245,2.133224333822823,0.06321819557703888,1.143272085431604
0.47807473750224744,0.1434772973057059,2.6398916686942173,0.05609235215387028,1.3726890614525715
0.6526942163628557,0.1655378492723882,2.2215264491697817,0.03802581223224612,1.8268165827080014
0.7062281345872371,0.15264041216253477,2.487124221948728,0.05131836545679061,1.446696812361583
0.760375250089276,0.1472593822603999,2.70376814171344,0.03089303272480433,1.726578869955947
0.7446259321848866,0.18469827510812373,2.3357802624085036,0.05577959801926145,1.7494589250655408
1.1067101530983448,0.17687368768557865,2.0819199192666575,0.038277717937702745,1.615638473342374
0.6134967103000664,0.12192769539126806,2.400835170074999,0.04361792112752924,1.2528552246284674
0.6200506819930793,0.1577539224431661,3.9275635456920845,0.038541601581126454,1.757471955463695
0.8647050818408389,0.12966385574942682,2.77926966028292,0.06633833088085259,1.5911737914858768
0.809860632174768,0.13507437079417628,3.262940724241034,0.05096973878248281,0.9486485722739447
0.8112625338678469,0.12970069135280662,1.9147349094673094,0.05492558373699805,1.512750593147886
0.6270363601380868,0.1375183307493016,1.8350357450868895,0.04534699454418224,1.5901026943413732
0.6724140886933312,0.13170945469689457,3.3770370604175226,0.04151728388689812,1.2490769065738605
0.7517035057424549,0.136118810150521,3.2930137943506814,0.056766069363466135,1.7052956854745904
0.5361137172782403,0.13767231494978277,2.8749253755471305,0.04647593862041011,2.0227343645998386
0.542425156492321,0.16107168109569306,2.381369861396086,0.03782190093735059,1.7119030591853628
0.5732144085892035,0.177553690299812,2.1720011799547985,0.05337418409962942,1.4059425120016462
0.3786960573224401,0.16036807881253928,2.2326317440545314,0.052604714538912314,1.4348054266639712
0.5715538806860323,0.17921365349027582,3.6610641936176793,0.030353911672148595,1.6884504276046524
0.576953762653211,0.14986518244611755,2.1396394870177935,0.04101323624754365,1.7896445445771663
0.4759109850563705,0.17426033242296782,2.605634383350162,0.0450467454205018,1.4443959184810127
0.5268709824633214,0.12808741580167124,2.1846858463283767,0.058667285999006676,1.8114667881650133
0.7603549163042524,0.16136946254408563,2.0093380276874533,0.045467089694064516,1.490122118511706
0.5504036202244309,0.18223231621286345,2.8962544016236,0.06704934173523673,1.224777633845033
0.2818393040172232,0.17010507788862592,2.1702853318381066,0.046884302930753574,1.6658389131722504
0.8438781398330786,0.14725711481941517,2.271385691485526,0.041265245041098686,1.851300694802312
0.8189698226468339,0.12957006555424821,3.754699446009103,0.05824615822988691,1.4486231130820517
0.48443675869702096,0.16637875468850588,3.0455199955227155,0.037989834341243776,1.327700623491519
0.5602847817374587,0.14478779515862603,2.2988457419680617,0.0485422049398994,1.5777611855842972
0.6890029278157923,0.18571699495887178,2.148296603729083,0.05794523767817816,1.8837944924444323
0.6933498893723512,0.20354334273523264,1.6001513222705919,0.04131323210554849,1.3982084025302064
